patient_ur,benchmark_activity_limit_gbq,method1_limit_gbq,method2_limit_gbq,abs_diff_gbq,pct_diff_vs_method2
1,11.883562349301778,11.883562349301778,70.1390662033664,58.25550385406462,83.05714205711593
3,12.126279520358473,7.478818650208619,67.17676969373845,55.05049017337998,81.94870105299397
5,23.12941770457188,4.247551057192924,63.94617536191994,40.81675765734806,63.82986539278549
