patient_ur,benchmark_activity_limit_gbq,method1_limit_gbq,method2_limit_gbq,abs_diff_gbq,pct_diff_vs_method1
1,11.883562349301778,11.883562349301778,70.1390662033664,0.0,0.0
3,12.126279520358473,7.478818650208619,67.17676969373845,4.647460870149854,62.14164412209961
5,23.12941770457188,4.247551057192924,63.94617536191994,18.881866647378956,444.5353662177613
