patient_ur,benchmark_activity_limit_gbq,method1_limit_gbq,method2_limit_gbq,dominance_label
1,11.883562349301778,11.883562349301778,70.1390662033664,near_equal_or_mixed
3,12.126279520358473,7.478818650208619,67.17676969373845,blood_or_marrow_dominated
5,23.12941770457188,4.247551057192924,63.94617536191994,blood_or_marrow_dominated
